/*
	Combat and Stacking Overhaul
	by Gedemon (2016)
*/
 
/* Version */
INSERT OR REPLACE INTO GlobalParameters (Name, Value) VALUES ('CSO_VERSION', 'Alpha .1');

-----------------------------------------------
-- Units
-----------------------------------------------

/* AT are ranged support */
UPDATE Units SET Range ='1', PromotionClass ='PROMOTION_CLASS_RANGED' WHERE UnitType = 'UNIT_AT_CREW' OR UnitType = 'UNIT_MODERN_AT';
UPDATE Units SET RangedCombat ='65', Combat ='60' WHERE UnitType = 'UNIT_AT_CREW'; 		-- default Combat = 70
UPDATE Units SET RangedCombat ='75', Combat ='70' WHERE UnitType = 'UNIT_MODERN_AT';	-- default Combat = 80

/* Create new formation classes */
/*
-- Need DLL access to link FORMATION CLASS to a stacking class.
INSERT INTO Types (Type, Kind) VALUES ('FORMATION_CLASS_RANGED', 'KIND_FORMATION_CLASS');
INSERT INTO UnitFormationClasses (FormationClassType, Name) VALUES ('FORMATION_CLASS_RANGED', 'Ranged');

INSERT INTO Types (Type, Kind) VALUES ('FORMATION_CLASS_RECON', 'KIND_FORMATION_CLASS');
INSERT INTO UnitFormationClasses (FormationClassType, Name) VALUES ('FORMATION_CLASS_RECON', 'Recon');
*/

/* Apply the new classes (order is important !) */
UPDATE Units SET FormationClass = 'FORMATION_CLASS_SUPPORT' WHERE (RangedCombat > 0 OR Bombard > 0) AND (Domain = 'DOMAIN_LAND');
UPDATE Units SET FormationClass = 'FORMATION_CLASS_SUPPORT' WHERE PromotionClass = 'PROMOTION_CLASS_RECON' AND Domain = 'DOMAIN_LAND';

/* Apply new AI */
/*
-- to do
DELETE FROM UnitAiInfos WHERE UnitType = (SELECT UnitType FROM Units WHERE (RangedCombat > 0 OR Bombard > 0) AND (Domain = 'DOMAIN_LAND'));

*/

/* Range = 1 for all Ranged Land/Sea unit */
UPDATE Units SET Range ='1' WHERE (RangedCombat > 0 OR Bombard > 0) AND (Domain = 'DOMAIN_LAND' OR Domain = 'DOMAIN_SEA');

/* Range = 2 for some units */
UPDATE Units SET Range ='2' WHERE UnitType = 'UNIT_BATTLESHIP' OR UnitType = 'UNIT_BRAZILIAN_MINAS_GERAES';

/* Range = 3 for some units */
UPDATE Units SET Range ='3' WHERE UnitType = 'UNIT_ROCKET_ARTILLERY';

/* Range = 5 for some units */
UPDATE Units SET Range ='4' WHERE UnitType = 'UNIT_MISSILE_CRUISER' OR UnitType = 'UNIT_NUCLEAR_SUBMARINE';

/* Balance */
UPDATE Units SET RangedCombat ='50' WHERE UnitType = 'UNIT_RANGER'; -- default RangedCombat = 60


-----------------------------------------------
-- Walls
-----------------------------------------------

/* Thanks to hardcoding, range can't be changed and removing Walls seems to be the only way to disable city ranged attack...  */
--/*
DELETE FROM Buildings WHERE BuildingType ='BUILDING_WALLS';
DELETE FROM BuildingPrereqs WHERE Building ='BUILDING_WALLS';
DELETE FROM ModifierArguments WHERE Value ='BUILDING_WALLS';
--*/

/*
-- Replacement lacks icons and 3D models
INSERT OR REPLACE INTO Types (Type, Kind) VALUES ('BUILDING_ANCIENT_WALLS','KIND_BUILDING');
INSERT OR REPLACE INTO Buildings VALUES('BUILDING_ANCIENT_WALLS','LOC_BUILDING_WALLS_NAME','TECH_MASONRY',NULL,80,-1,-1,0,'DISTRICT_CITY_CENTER',NULL,'LOC_BUILDING_WALLS_DESCRIPTION',0,0,50,0,0,NULL,NULL,0,0,NULL,0,1,0,NULL,1,NULL,0,0,0,0,'NO_ERA',0,0,0,0,0,NULL,NULL,0,'ADVISOR_GENERIC');
DELETE FROM Buildings WHERE BuildingType ='BUILDING_WALLS';
UPDATE BuildingPrereqs SET PrereqBuilding ='BUILDING_ANCIENT_WALLS' WHERE PrereqBuilding ='BUILDING_WALLS';
UPDATE StartingBuildings SET Building ='BUILDING_ANCIENT_WALLS' WHERE Building ='BUILDING_WALLS';
UPDATE ModifierArguments SET Value ='BUILDING_ANCIENT_WALLS' WHERE Value ='BUILDING_WALLS';
--*/

/* Until we can add a new building with icons in a mod, balance with existing buildings */
UPDATE Buildings SET OuterDefenseHitPoints ='20' WHERE BuildingType ='BUILDING_PALACE';
UPDATE Buildings SET OuterDefenseHitPoints ='30' WHERE BuildingType ='BUILDING_CASTLE';
UPDATE Buildings SET OuterDefenseHitPoints ='50' WHERE BuildingType ='BUILDING_STAR_FORT';

-----------------------------------------------
-- Combats
-----------------------------------------------

/* lower damage */
UPDATE GlobalParameters SET Value = 12		WHERE Name = 'COMBAT_BASE_DAMAGE';		-- default = 24
UPDATE GlobalParameters SET Value = 6		WHERE Name = 'COMBAT_MAX_EXTRA_DAMAGE';	-- default = 12

/* */

UPDATE GlobalParameters SET Value = 20		WHERE Name = 'COMBAT_HEAL_CITY_GARRISON';		-- default = 20
UPDATE GlobalParameters SET Value = 5		WHERE Name = 'COMBAT_HEAL_CITY_OUTER_DEFENSES';	-- default = 10
UPDATE GlobalParameters SET Value = 0		WHERE Name = 'COMBAT_HEAL_LAND_ENEMY';			-- default = 5
UPDATE GlobalParameters SET Value = 10		WHERE Name = 'COMBAT_HEAL_LAND_FRIENDLY';		-- default = 15
UPDATE GlobalParameters SET Value = 5		WHERE Name = 'COMBAT_HEAL_LAND_NEUTRAL';		-- default = 10
UPDATE GlobalParameters SET Value = 0		WHERE Name = 'COMBAT_HEAL_NAVAL_ENEMY';			-- default = 0
UPDATE GlobalParameters SET Value = 10		WHERE Name = 'COMBAT_HEAL_NAVAL_FRIENDLY';		-- default = 20
UPDATE GlobalParameters SET Value = 5		WHERE Name = 'COMBAT_HEAL_NAVAL_NEUTRAL';		-- default = 0

UPDATE GlobalParameters SET Value = 10		WHERE Name = 'COMBAT_BOMBARD_VS_UNIT_STRENGTH_MODIFIER';	-- default = 17
UPDATE GlobalParameters SET Value = 15		WHERE Name = 'COMBAT_RANGED_VS_DISTRICT_STRENGTH_MODIFIER';	-- default = 17

-----------------------------------------------
-- Resources
-----------------------------------------------

/* Remove all resources requirements */
UPDATE Units SET StrategicResource = NULL;

/* Add bonuses for strategic resources */

INSERT INTO Tags
(	Tag,							Vocabulary			)	VALUES
(	'CLASS_BUILD_BONUS_IRON',		'ABILITY_CLASS'		),
(	'CLASS_BUILD_BONUS_HORSES',		'ABILITY_CLASS'		),
(	'CLASS_BUILD_BONUS_STEEL',		'ABILITY_CLASS'		),
(	'CLASS_BUILD_BONUS_ALUMINIUM',	'ABILITY_CLASS'		),
(	'CLASS_COMBAT_BONUS_NITER',		'ABILITY_CLASS'		),
(	'CLASS_MOVE_WITH_COAL',			'ABILITY_CLASS'		),
(	'CLASS_MOVE_WITH_OIL',			'ABILITY_CLASS'		),
(	'CLASS_RANGE_WITH_OIL',			'ABILITY_CLASS'		),
(	'CLASS_MOVE_WITH_URANIUM',		'ABILITY_CLASS'		);

INSERT INTO TypeTags
(	Type,							Tag							)	VALUES
(	'UNIT_CAVALRY',					'CLASS_BUILD_BONUS_HORSES'	),
(	'UNIT_HORSEMAN',				'CLASS_BUILD_BONUS_HORSES'	),
(	'UNIT_HEAVY_CHARIOT',			'CLASS_BUILD_BONUS_HORSES'	),

(	'UNIT_KNIGHT',					'CLASS_BUILD_BONUS_HORSES'	),
(	'UNIT_KNIGHT',					'CLASS_BUILD_BONUS_IRON'	),

(	'UNIT_SWORDSMAN',				'CLASS_BUILD_BONUS_IRON'	),

(	'UNIT_MUSKETMAN',				'CLASS_COMBAT_BONUS_NITER'	),
(	'UNIT_BOMBARD',					'CLASS_COMBAT_BONUS_NITER'	),
(	'UNIT_CHINESE_CROUCHING_TIGER',	'CLASS_COMBAT_BONUS_NITER'	),
(	'UNIT_SPANISH_CONQUISTADOR',	'CLASS_COMBAT_BONUS_NITER'	),
(	'UNIT_CARAVEL',               	'CLASS_COMBAT_BONUS_NITER'	),
(	'UNIT_FRIGATE',               	'CLASS_COMBAT_BONUS_NITER'	),
(	'UNIT_PRIVATEER',             	'CLASS_COMBAT_BONUS_NITER'	),
(	'UNIT_ENGLISH_SEADOG',        	'CLASS_COMBAT_BONUS_NITER'	),
(	'UNIT_FIELD_CANNON',          	'CLASS_COMBAT_BONUS_NITER'	),
(	'UNIT_CAVALRY',               	'CLASS_COMBAT_BONUS_NITER'	),
(	'UNIT_RUSSIAN_COSSACK',       	'CLASS_COMBAT_BONUS_NITER'	),
(	'UNIT_ENGLISH_REDCOAT',       	'CLASS_COMBAT_BONUS_NITER'	),
(	'UNIT_FRENCH_GARDE_IMPERIALE',	'CLASS_COMBAT_BONUS_NITER'	),
(	'UNIT_IRONCLAD',				'CLASS_COMBAT_BONUS_NITER'	),
(	'UNIT_RANGER',					'CLASS_COMBAT_BONUS_NITER'	),

(	'UNIT_BIPLANE',					'CLASS_RANGE_WITH_OIL'		),
(	'UNIT_FIGHTER',					'CLASS_RANGE_WITH_OIL'		),
(	'UNIT_AMERICAN_P51',			'CLASS_RANGE_WITH_OIL'		),
(	'UNIT_BOMBER',					'CLASS_RANGE_WITH_OIL'		),
(	'UNIT_JET_FIGHTER',				'CLASS_RANGE_WITH_OIL'		),
(	'UNIT_JET_BOMBER',				'CLASS_RANGE_WITH_OIL'		),

(	'UNIT_BIPLANE',					'CLASS_MOVE_WITH_OIL'		),
(	'UNIT_FIGHTER',					'CLASS_MOVE_WITH_OIL'		),
(	'UNIT_AMERICAN_P51',			'CLASS_MOVE_WITH_OIL'		),
(	'UNIT_BOMBER',					'CLASS_MOVE_WITH_OIL'		),
(	'UNIT_JET_FIGHTER',				'CLASS_MOVE_WITH_OIL'		),
(	'UNIT_JET_BOMBER',				'CLASS_MOVE_WITH_OIL'		),
(	'UNIT_TANK',					'CLASS_MOVE_WITH_OIL'		),
(	'UNIT_HELICOPTER',				'CLASS_MOVE_WITH_OIL'		),
(	'UNIT_MECHANIZED_INFANTRY',		'CLASS_MOVE_WITH_OIL'		),
(	'UNIT_ROCKET_ARTILLERY',		'CLASS_MOVE_WITH_OIL'		),
(	'UNIT_MOBILE_SAM',				'CLASS_MOVE_WITH_OIL'		),
(	'UNIT_MODERN_ARMOR',			'CLASS_MOVE_WITH_OIL'		),
(	'UNIT_BATTLESHIP',				'CLASS_MOVE_WITH_OIL'		),
(	'UNIT_BRAZILIAN_MINAS_GERAES',	'CLASS_MOVE_WITH_OIL'		),
(	'UNIT_SUBMARINE',				'CLASS_MOVE_WITH_OIL'		),
(	'UNIT_GERMAN_UBOAT',			'CLASS_MOVE_WITH_OIL'		),
(	'UNIT_AIRCRAFT_CARRIER',		'CLASS_MOVE_WITH_OIL'		),
(	'UNIT_DESTROYER',				'CLASS_MOVE_WITH_OIL'		),
(	'UNIT_MISSILE_CRUISER',			'CLASS_MOVE_WITH_OIL'		),

(	'UNIT_IRONCLAD',				'CLASS_MOVE_WITH_COAL'		),
(	'UNIT_IRONCLAD',				'CLASS_BUILD_BONUS_STEEL'	),

(	'UNIT_BATTLESHIP',				'CLASS_BUILD_BONUS_STEEL'	),
(	'UNIT_TANK',					'CLASS_BUILD_BONUS_STEEL'	),
(	'UNIT_AIRCRAFT_CARRIER',		'CLASS_BUILD_BONUS_STEEL'	),
(	'UNIT_DESTROYER',				'CLASS_BUILD_BONUS_STEEL'	),
(	'UNIT_SUBMARINE',				'CLASS_BUILD_BONUS_STEEL'	),
(	'UNIT_NUCLEAR_SUBMARINE',		'CLASS_BUILD_BONUS_STEEL'	),
(	'UNIT_MISSILE_CRUISER',			'CLASS_BUILD_BONUS_STEEL'	),
(	'UNIT_MODERN_ARMOR',			'CLASS_BUILD_BONUS_STEEL'	),

(	'UNIT_FIGHTER',					'CLASS_BUILD_BONUS_ALUMINIUM'),
(	'UNIT_BOMBER',					'CLASS_BUILD_BONUS_ALUMINIUM'),
(	'UNIT_JET_FIGHTER',				'CLASS_BUILD_BONUS_ALUMINIUM'),
(	'UNIT_JET_BOMBER',				'CLASS_BUILD_BONUS_ALUMINIUM'),

(	'UNIT_NUCLEAR_SUBMARINE',		'CLASS_MOVE_WITH_URANIUM'	);

INSERT INTO TraitModifiers
(	TraitType,					ModifierId										)	VALUES
(	'TRAIT_LEADER_MAJOR_CIV',	'UNIT_PRODUCTION_RESOURCE_IRON_BONUS'			),
(	'TRAIT_LEADER_MAJOR_CIV',	'UNIT_PRODUCTION_RESOURCE_HORSES_BONUS'			),
(	'TRAIT_LEADER_MAJOR_CIV',	'UNIT_PRODUCTION_RESOURCE_ALUMINIUM_BONUS'		),
(	'TRAIT_LEADER_MAJOR_CIV',	'UNIT_PRODUCTION_RESOURCE_STEEL_BONUS'			),
(	'TRAIT_LEADER_MAJOR_CIV',	'UNIT_COMBAT_RESOURCE_NITER_BONUS'				),
(	'TRAIT_LEADER_MAJOR_CIV',	'NUCLEAR_DEVICE_PRODUCTION_URANIUM_BONUS'		),
(	'TRAIT_LEADER_MAJOR_CIV',	'THERMONUCLEAR_DEVICE_PRODUCTION_URANIUM_BONUS'	),
(	'TRAIT_LEADER_MAJOR_CIV',	'MANHATTAN_PROJECT_PRODUCTION_URANIUM_BONUS'	),
(	'TRAIT_LEADER_MAJOR_CIV',	'OPERATION_IVY_PRODUCTION_URANIUM_BONUS'		),
(	'TRAIT_LEADER_MAJOR_CIV',	'UNITS_MOVEMENT_RESOURCE_COAL_BONUS'			),
(	'TRAIT_LEADER_MAJOR_CIV',	'UNITS_MOVEMENT_RESOURCE_OIL_BONUS'				),
(	'TRAIT_LEADER_MAJOR_CIV',	'UNITS_RANGE_RESOURCE_OIL_BONUS'				),
(	'TRAIT_LEADER_MAJOR_CIV',	'UNITS_MOVEMENT_RESOURCE_URANIUM_BONUS'			);

INSERT INTO Modifiers -- MODIFIER_PLAYER_CITIES_ADJUST_PROJECT_PRODUCTION
(	ModifierId,											ModifierType,											RunOnce,	Permanent,	OwnerRequirementSetId		)	VALUES
(	'UNIT_PRODUCTION_RESOURCE_IRON_BONUS',				'MODIFIER_PLAYER_UNITS_ADJUST_UNIT_PRODUCTION',			'0',		'0',		'PLAYER_HAS_IRON'			),
(	'UNIT_PRODUCTION_RESOURCE_HORSES_BONUS',			'MODIFIER_PLAYER_UNITS_ADJUST_UNIT_PRODUCTION',			'0',		'0',		'PLAYER_HAS_HORSES'			),
(	'UNIT_PRODUCTION_RESOURCE_ALUMINIUM_BONUS',			'MODIFIER_PLAYER_UNITS_ADJUST_UNIT_PRODUCTION',			'0',		'0',		'PLAYER_HAS_ALUMINIUM'		),
(	'UNIT_PRODUCTION_RESOURCE_STEEL_BONUS',				'MODIFIER_PLAYER_UNITS_ADJUST_UNIT_PRODUCTION',			'0',		'0',		'PLAYER_HAS_STEEL'			),

(	'UNIT_COMBAT_RESOURCE_NITER_BONUS',					'MODIFIER_UNIT_ADJUST_COMBAT_STRENGTH',					'0',		'0',		'PLAYER_HAS_NITER'			),

(	'NUCLEAR_DEVICE_PRODUCTION_URANIUM_BONUS',			'MODIFIER_PLAYER_CITIES_ADJUST_PROJECT_PRODUCTION',		'0',		'0',		'PLAYER_HAS_URANIUM'		),
(	'THERMONUCLEAR_DEVICE_PRODUCTION_URANIUM_BONUS',	'MODIFIER_PLAYER_CITIES_ADJUST_PROJECT_PRODUCTION',		'0',		'0',		'PLAYER_HAS_URANIUM'		),
(	'MANHATTAN_PROJECT_PRODUCTION_URANIUM_BONUS',		'MODIFIER_PLAYER_CITIES_ADJUST_PROJECT_PRODUCTION',		'0',		'0',		'PLAYER_HAS_URANIUM'		),
(	'OPERATION_IVY_PRODUCTION_URANIUM_BONUS',			'MODIFIER_PLAYER_CITIES_ADJUST_PROJECT_PRODUCTION',		'0',		'0',		'PLAYER_HAS_URANIUM'		),

(	'UNITS_MOVEMENT_RESOURCE_COAL_BONUS',				'MODIFIER_PLAYER_UNIT_ADJUST_MOVEMENT',					'0',		'0',		'PLAYER_HAS_COAL'			),
(	'UNITS_MOVEMENT_RESOURCE_OIL_BONUS',				'MODIFIER_PLAYER_UNIT_ADJUST_MOVEMENT',					'0',		'0',		'PLAYER_HAS_OIL'			),
(	'UNITS_RANGE_RESOURCE_OIL_BONUS',					'MODIFIER_PLAYER_UNITS_ADJUST_ATTACK_RANGE',			'0',		'0',		'PLAYER_HAS_OIL'			),
(	'UNITS_MOVEMENT_RESOURCE_URANIUM_BONUS',			'MODIFIER_PLAYER_UNIT_ADJUST_MOVEMENT',					'0',		'0',		'PLAYER_HAS_URANIUM'		);


INSERT INTO ModifierStrings
(	ModifierId,							Context,		Text				)	VALUES
(	'UNIT_COMBAT_RESOURCE_NITER_BONUS',	'Preview',		'LOC_COMBAT_BONUS_NITER'	);


INSERT INTO ModifierArguments
(	ModifierId,											Name,			Value								)	VALUES

(	'UNIT_PRODUCTION_RESOURCE_IRON_BONUS',				'Tag',			'CLASS_BUILD_BONUS_IRON'			),
(	'UNIT_PRODUCTION_RESOURCE_IRON_BONUS',				'Amount',		'100'								),
(	'UNIT_PRODUCTION_RESOURCE_HORSES_BONUS',			'Tag',			'CLASS_BUILD_BONUS_HORSES'			),
(	'UNIT_PRODUCTION_RESOURCE_HORSES_BONUS',			'Amount',		'100'								),
(	'UNIT_PRODUCTION_RESOURCE_ALUMINIUM_BONUS',			'Tag',			'CLASS_BUILD_BONUS_ALUMINIUM'		),
(	'UNIT_PRODUCTION_RESOURCE_ALUMINIUM_BONUS',			'Amount',		'100'								),
(	'UNIT_PRODUCTION_RESOURCE_STEEL_BONUS',				'Tag',			'CLASS_BUILD_BONUS_STEEL'			),
(	'UNIT_PRODUCTION_RESOURCE_STEEL_BONUS',				'Amount',		'100'								),

(	'UNIT_COMBAT_RESOURCE_NITER_BONUS',					'Tag',			'CLASS_COMBAT_BONUS_NITER'			),
(	'UNIT_COMBAT_RESOURCE_NITER_BONUS',					'Amount',		'5'									),
	
(	'NUCLEAR_DEVICE_PRODUCTION_URANIUM_BONUS',			'ProjectType',	'PROJECT_BUILD_NUCLEAR_DEVICE'		),
(	'NUCLEAR_DEVICE_PRODUCTION_URANIUM_BONUS',			'Amount',		'200'								),
(	'THERMONUCLEAR_DEVICE_PRODUCTION_URANIUM_BONUS',	'ProjectType',	'PROJECT_BUILD_THERMONUCLEAR_DEVICE'),
(	'THERMONUCLEAR_DEVICE_PRODUCTION_URANIUM_BONUS',	'Amount',		'200'								),
(	'MANHATTAN_PROJECT_PRODUCTION_URANIUM_BONUS',		'ProjectType',	'PROJECT_MANHATTAN_PROJECT'			),
(	'MANHATTAN_PROJECT_PRODUCTION_URANIUM_BONUS',		'Amount',		'100'								),	
(	'OPERATION_IVY_PRODUCTION_URANIUM_BONUS',			'ProjectType',	'PROJECT_OPERATION_IVY'				),
(	'OPERATION_IVY_PRODUCTION_URANIUM_BONUS',			'Amount',		'100'								),
		
(	'UNITS_MOVEMENT_RESOURCE_COAL_BONUS',				'Tag',			'CLASS_MOVE_WITH_COAL'				),
(	'UNITS_MOVEMENT_RESOURCE_COAL_BONUS',				'Amount',		'1'									),
(	'UNITS_MOVEMENT_RESOURCE_OIL_BONUS',				'Tag',			'CLASS_MOVE_WITH_OIL'				),
(	'UNITS_MOVEMENT_RESOURCE_OIL_BONUS',				'Amount',		'1'									),
(	'UNITS_RANGE_RESOURCE_OIL_BONUS',					'Tag',			'CLASS_RANGE_WITH_OIL'				),
(	'UNITS_RANGE_RESOURCE_OIL_BONUS',					'Amount',		'1'									),
(	'UNITS_MOVEMENT_RESOURCE_URANIUM_BONUS',			'Tag',			'CLASS_MOVE_WITH_URANIUM'			),
(	'UNITS_MOVEMENT_RESOURCE_URANIUM_BONUS',			'Amount',		'2'									);

INSERT INTO RequirementSets
(	RequirementSetId,			RequirementSetType			)	VALUES
(	'PLAYER_HAS_IRON',			'REQUIREMENTSET_TEST_ALL'	),
(	'PLAYER_HAS_HORSES',		'REQUIREMENTSET_TEST_ALL'	),
(	'PLAYER_HAS_OIL',			'REQUIREMENTSET_TEST_ALL'	),
(	'PLAYER_HAS_URANIUM',		'REQUIREMENTSET_TEST_ALL'	),
(	'PLAYER_HAS_ALUMINIUM',		'REQUIREMENTSET_TEST_ALL'	),
(	'PLAYER_HAS_COAL',			'REQUIREMENTSET_TEST_ALL'	),
(	'PLAYER_HAS_NITER',			'REQUIREMENTSET_TEST_ALL'	),
(	'PLAYER_HAS_STEEL',			'REQUIREMENTSET_TEST_ALL'	);

INSERT INTO RequirementSetRequirements
(	RequirementSetId,			RequirementId				)	VALUES
(	'PLAYER_HAS_IRON',			'UNIT_REQUIRES_PLAYER_HAS_IRON'		),
(	'PLAYER_HAS_HORSES',		'UNIT_REQUIRES_PLAYER_HAS_HORSES'	),
(	'PLAYER_HAS_OIL',			'UNIT_REQUIRES_PLAYER_HAS_OIL'		),
(	'PLAYER_HAS_URANIUM',		'UNIT_REQUIRES_PLAYER_HAS_URANIUM'	),
(	'PLAYER_HAS_ALUMINIUM',		'UNIT_REQUIRES_PLAYER_HAS_ALUMINIUM'),
(	'PLAYER_HAS_COAL',			'UNIT_REQUIRES_PLAYER_HAS_COAL'		),
(	'PLAYER_HAS_NITER',			'UNIT_REQUIRES_PLAYER_HAS_NITER'	),
(	'PLAYER_HAS_STEEL',			'UNIT_REQUIRES_PLAYER_HAS_COAL'		),
(	'PLAYER_HAS_STEEL',			'UNIT_REQUIRES_PLAYER_HAS_IRON'		);

INSERT INTO Requirements
(	RequirementId,							RequirementType							)	VALUES
(	'UNIT_REQUIRES_PLAYER_HAS_IRON',		'REQUIREMENT_PLAYER_HAS_RESOURCE_OWNED'	),
(	'UNIT_REQUIRES_PLAYER_HAS_HORSES',		'REQUIREMENT_PLAYER_HAS_RESOURCE_OWNED'	),
(	'UNIT_REQUIRES_PLAYER_HAS_OIL',			'REQUIREMENT_PLAYER_HAS_RESOURCE_OWNED'	),
(	'UNIT_REQUIRES_PLAYER_HAS_URANIUM',		'REQUIREMENT_PLAYER_HAS_RESOURCE_OWNED'	),
(	'UNIT_REQUIRES_PLAYER_HAS_ALUMINIUM',	'REQUIREMENT_PLAYER_HAS_RESOURCE_OWNED'	),
(	'UNIT_REQUIRES_PLAYER_HAS_COAL',		'REQUIREMENT_PLAYER_HAS_RESOURCE_OWNED'	),
(	'UNIT_REQUIRES_PLAYER_HAS_NITER',		'REQUIREMENT_PLAYER_HAS_RESOURCE_OWNED'	);

INSERT INTO RequirementArguments
(	RequirementId,							Name,				Value				)	VALUES
(	'UNIT_REQUIRES_PLAYER_HAS_IRON',		'ResourceType',		'RESOURCE_IRON'		),
(	'UNIT_REQUIRES_PLAYER_HAS_HORSES',		'ResourceType',		'RESOURCE_HORSES'	),
(	'UNIT_REQUIRES_PLAYER_HAS_OIL',			'ResourceType',		'RESOURCE_OIL'		),
(	'UNIT_REQUIRES_PLAYER_HAS_URANIUM',		'ResourceType',		'RESOURCE_URANIUM'	),
(	'UNIT_REQUIRES_PLAYER_HAS_ALUMINIUM',	'ResourceType',		'RESOURCE_ALUMINIUM'),
(	'UNIT_REQUIRES_PLAYER_HAS_COAL',		'ResourceType',		'RESOURCE_COAL'		),
(	'UNIT_REQUIRES_PLAYER_HAS_NITER',		'ResourceType',		'RESOURCE_NITER'	);

/* Balance */
UPDATE Units SET Cost = Cost*2 
	WHERE 	UnitType = 'UNIT_SWORDSMAN'
	OR 		UnitType = 'UNIT_HORSEMAN'
	OR 		UnitType = 'UNIT_HEAVY_CHARIOT'
	OR 		UnitType = 'CAVALRY'
	OR 		UnitType = 'UNIT_IRONCLAD'	
	OR 		UnitType = 'UNIT_BATTLESHIP'			
	OR 		UnitType = 'UNIT_TANK'				
	OR 		UnitType = 'UNIT_AIRCRAFT_CARRIER'	
	OR 		UnitType = 'UNIT_DESTROYER'			
	OR 		UnitType = 'UNIT_SUBMARINE'			
	OR 		UnitType = 'UNIT_NUCLEAR_SUBMARINE'	
	OR 		UnitType = 'UNIT_MISSILE_CRUISER'		
	OR 		UnitType = 'UNIT_MODERN_ARMOR'	
	OR 		UnitType = 'UNIT_FIGHTER'				
	OR 		UnitType = 'UNIT_BOMBER'				
	OR 		UnitType = 'UNIT_JET_FIGHTER'			
	OR 		UnitType = 'UNIT_JET_BOMBER';	
	
UPDATE Units SET Cost = Cost*4 
	WHERE 		UnitType = 'UNIT_KNIGHT'; -- Knight can get 2 bonuses
	
UPDATE Projects SET Cost = Cost*2 
	WHERE 	ProjectType = 'PROJECT_OPERATION_IVY'
	OR 		ProjectType = 'PROJECT_MANHATTAN_PROJECT';
	
UPDATE Projects SET Cost = Cost*2 
	WHERE 	ProjectType = 'PROJECT_BUILD_NUCLEAR_DEVICE'
	OR 		ProjectType = 'PROJECT_BUILD_THERMONUCLEAR_DEVICE';

